Malicious,High,HST,Mid,MST,Low,LST,
0,0.6516077,0.075786291,0.647118988,0.068067376,0.639488893,0.07673419,
1,0.643465381,0.047510318,0.638068804,0.037463137,0.59831156,0.053826204,
2,0.632751471,0.046744018,0.615652508,0.040912867,0.567792859,0.052986755,
3,0.618790215,0.041165885,0.595248533,0.041234859,0.549518809,0.045494543,
4,0.599214332,0.044361181,0.569808048,0.04125051,0.528868387,0.048599607,
5,0.578159685,0.04125051,0.528868387,0.04125051,0.519379579,0.042328045,